city,state
Albuquerque,NM
Atlanta,GA
Bakersfield,GA
Birmingham,GA
Brownsville,TX
Charleston,SC
Charlotte,NC
Columbia,SC
Dallas,TX
Denver,CO
El Paso,TX
Fayetteville,AR
Fresno,CA
Houston,TX
Huntsville,AL
Jackson,MS
Jscksonville,FL
Kansas City,MO
Laredo,TX
Las Vegas,NV
Little Rock,AR
Los Angeles,CA
Louisville,KY
Memphis,TN
Miami,FL
Midland,TX
Mobile,AL
Montgomery,AL
Nashville,TN
New Orleans,LA
New York City,NY
Oklahoma City,OK
Orlando,FL
Philadelphia,PA
Phoenix,AZ
Raleigh,NC
Richmond,VA
Sacramento,CA
Salt Lake City,UT
San Antonio,TX
San Diego,CA
Savannah,GA
Shreveport,LA
Saint Louis,MO
Tallahassee,FL
Tampa,FL
Tucson,AZ
Washington,DC
Yuma,AZ
